Row Labels,Min of Impact factor,Max of Impact factor2
High,43.90179886,84.45765914
Low,36.72256924,68.05727996
Medium,42.6754625,80.77653086
None,34.40191966,62.8361907
