Row Labels,Min of Impact factor,Max of Impact factor2
Moderate,38.19993744,79.98170918
Rapid,44.22368397,84.45765914
Slow,34.40191966,62.17741351
