Row Labels,Min of Impact factor,Max of Impact factor2
High,47.17105121,84.45765914
Low,34.40191966,80.03482068
Medium,46.22259776,79.98170918
