Row Labels,Min of Impact factor,Max of Impact factor2
Moderate,46.22259776,81.73633833
None,34.40191966,71.31909612
Rapid,51.35390722,84.45765914
Slow,42.6754625,73.09834666
