Row Labels,Min of Impact factor,Max of Impact factor2
Moderate,57.4808121,84.45765914
None,34.40191966,69.95139962
Severe,60.56747497,71.31909612
Slight,47.17105121,83.32200555
