id,status,x,y
1,Status.InterDis,0,0
2,Status.Dev,0.7174426261305336,-5.437059644880492
3,Status.Dis,3.9464981744891294,3.4681243373814623
4,Status.Dis,5.217837355574745,-2.0977464443229796
5,Status.Dev,5.079730042779213,2.655455450622904
6,Status.Dev,2.9990294260544395,5.227849541228776
7,Status.Dev,4.927688512118769,-0.2544278243141459
8,Status.Dev,4.0647738249028835,2.8235077145932386
9,Status.Dev,5.42150703593683,-1.2343815093041346
10,Status.Dev,2.3925688929966364,5.539397633444696
