id,status,x,y
1,Status.InterDis,0,0
2,Status.Dev,1.6640391734755695,-2.839560839780582
3,Status.Dev,7.128960893470158,2.306679461410808
4,Status.Dev,1.691028513657109,-1.9189058837246806
5,Status.Dev,1.523487885788916,5.08905333899144
6,Status.Dev,5.720435073796905,-1.9262342123331626
7,Status.Dev,1.239484017039474,-5.040813856224249
8,Status.Dev,3.7617781653246056,-1.8121558615832505
