id,status,x,y
1,Status.InterDis,0,0
2,Status.Dev,8.82011820019056,2.121139211675824
3,Status.Dev,3.986109511131314,0.12361625181843036
4,Status.Dev,2.7503575039124177,1.2343230983284155
5,Status.Dev,6.8696195062052015,1.4924754752495415
6,Status.Dev,5.465012283551361,-2.4620065919278935
7,Status.Dev,1.6361662054850532,2.0979870498789372
