id,status,x,y
1,Status.InterDis,0,0
2,Status.Dev,18.885844109393076,-5.326512627240832
3,Status.Dev,5.630579628004508,23.57278408946059
4,Status.Dev,5.961174620715591,1.9936140626700438
5,Status.Dev,12.336425691422663,-7.084504846970406
6,Status.Dev,7.269035682901219,6.058210297602607
7,Status.Dev,11.64700497355494,-2.9900931403406608
