id,status,x,y
1,Status.InterDis,0,0
2,Status.Dev,0.7174426261305336,-5.437059644880492
3,Status.Dev,3.9464981744891294,3.4681243373814623
4,Status.Dev,5.217837355574745,-2.0977464443229796
5,Status.Dev,5.079730042779213,2.655455450622904
6,Status.Dev,2.9990294260544395,5.227849541228776
