id,status,x,y
1,Status.InterDis,0,0
2,Status.Dev,1.2726287719476577,3.6444754172030143
3,Status.Dev,2.6280895215775915,-1.9766321896297896
4,Status.Dev,1.7222310508487275,-4.400129730932156
5,Status.Dev,3.841190068720523,2.3980602145494685
6,Status.Dev,3.494039290992761,-0.6343535721617042
7,Status.Dev,2.132858609621731,-2.6165917057988217
8,Status.Dev,8.536661099593193,7.734018930522068
9,Status.Dev,4.005558876078188,-0.31082522403443397
10,Status.Dev,3.757982215748912,-1.3788158702364839
