month,number,mean_distance
1,8,4.2570598191565
2,8,4.2570598191565
3,8,4.2570598191565
4,24,4.424011457134758
5,47,4.848956948724863
6,47,4.848956948724863
7,142,5.059146135796305
8,219,5.056569818784929
9,265,5.067954491967717
10,573,5.0854287887225
11,677,5.115986697156182
12,905,5.222454886352329
